id,product_name,product_name_th,brand,product_type,price,net_weight,usage_time,url,image_url,updated_at,short_description,full_description,usage_instruction,product_benefits,target_system,scientific_mechanism,target_audience,contraindication,caution,storage_method,ingredients,active_ingredients,ingredient_details,herb_scientific_name,ingredient_functions
,MAGICA HERB,MAGICA HERB,Dr.Magica,ผลิตภัณฑ์เสริมอาหาร,,,,,,2025-10-29T13:29:15,1. MAGICA HERB ผลิตภัณฑ์เสริมอาหาร เมจิก้า เฮิร์บ (ตรา ดร.เมจิก้า),"1. MAGICA HERB
ผลิตภัณฑ์เสริมอาหาร เมจิก้า เฮิร์บ (ตรา ดร.เมจิก้า)
เพิ่ม และ ฟื้นฟู ระบบภูมิคุ้มกันได้ ร่างกายก็แข็งแรงขึ้น
วิธีรับประทาน : (กลางวัน) รับประทาน 1-2 แคปซูล (ก่อนอาหาร)
Product Benefit 
เสริมสร้างระบบภูมิคุ้มกัน
ช่วยลดคอเรสเตอรอล
ช่วยต่อต้านมะเร็﻿ง ยับยั้งการเจริญเติบโตของเซลล์มะเร็ง
บ﻿ำรุงประสาท และสมอง เพิ่มความสามารถในการจำ ลดความเสี่ยงอัลไซเมอร์ หรือสมองเสื่อม
ช่วยป้องกันโรคภูมิแพ้, น้ำเหลืองเสีย
ช่วยป้องกันโรคหัวใจ
ระบบภูมิคุ้มกัน (Immune System) เป็นหนึ่งในกลไกการทำงานของร่างกายซึ่งมีหน้าที่ดูแลและป้องกันไม่ให้เกิดการติดเชื้อในร่างกายมนุษย์ไม่ว่าจะเป็นเชื้อไวรัส เชื้อแบคทีเรีย หรือเชื้อโรคอื่นๆ และยังมีหน้าที่ในการกำจัด ป้องกันการเติบโตของเซลล์ที่ผิดปกติเช่นเซลล์มะเร็งอีกด้วย
ระบบภูมิคุ้มกันประกอบขึ้นด้วยสารเคมีที่สร้างขึ้นภายในร่างกายได้แก่ เซลล์เม็ดเลือดขาว โดยเซลล์ชนิดนี้จะถูกสร้างขึ้นภายในไขกระดูก จากนั้นจะเคลื่อนที่เข้าสู่กระแสเลือดและเนื้อเยื่อต่าง ๆ เพื่อเฝ้าระวังการติดเชื้อ
NK Cell (Natural Killer Cell) คือเม็ดเลือดขาวชนิดหนึ่งที่มีอยู่ในร่างกาย พบได้เพียง 15% ของจำนวนเม็ดเลือดขาวชนิดลิมโฟไซต์ (Lymphocyte) ทั้งหมด แต่มีหน้าที่สำคัญในการทำลายเซลล์ที่ติดเชื้อไวรัสและเซลล์มะเร็ง โดยไม่ต้องผ่านกระบวนการกระตุ้นและการเรียนรู้ต่อเซลล์ที่ผิดปกตินั้น (Antigen Stimulation)
ดังนั้นเม็ดเลือดขาว NK Cell จึงมีบทบาท สำคัญซึ่งเปรียบเสมือนด่านแรกของระบบภูมิคุ้มกัน (Innate Immune System) ในการค้นหาและทำลายเซลล์มะเร็งในระยะเริ่มต้นและควบคุมการติดเชื้อไวรัสต่าง ๆ
การศึกษาพบว่าประสิทธิภาพการทำงานของเม็ดเลือดขาว NK Cell จะลดลงเมื่ออายุเพิ่มมากขึ้นเรื่อยๆ ซึ่งสัมพันธ์กับอุบัติการณ์ของมะเร็งที่เพิ่มมากขึ้นตามอายุ
แต่นอกจากอายุแล้วยังมีปัจจัยที่ทำให้ความสามารถของ NK cell อ่อนแอลง
ทางการแพทย์สามารถตรวจ NK Cell Count และ NK Activity ได้ เพื่อประเมินความสามารถในการทำลายเชื้อไวรัสและเซลล์มะเร็งของแต่ละบุคคลได้จากการเจาะเลือด ดังนั้นผู้ที่ควรได้รับประโยชน์จากการตรวจคือสำหรับผู้ที่ตรวจแล้วพบว่า มีระดับภูมิคุ้มกันต่ำกว่าปกติ ซึ่งนั้นหมายถึง กลุ่มคนที่มีโอกาสติดเชื้อไวรัสได้บ่อยขึ้น หายยากขึ้นร่วมทั้งมีความเสี่ยงของการเกิดโรคมะเร็งเพิ่มขึ้นด้วย เราจึงแนะนำการตรวจ NKcell ในคนที่มีความเสี่ยงต่าง ๆ เช่น
ผู้ที่มีการติดเชื้อบ่อยครั้ง เช่น เริม, งูสวัด, โรคตับอักเสบ, เป็นหวัดบ่อย, เป็นไข้หวัดใหญ่สายพันธุ์ เอ หรือ บี, ไข้หวัดนก เป็นต้น
ผู้ที่บุคคลในครอบครัวมีประวัติการเป็นโรคมะเร็ง
ผู้ที่มีสภาวะอ่อนล้าเรื้อรัง
ผู้ที่มีประวัติการสูบบุหรี่อย่างหนัก
ผู้ที่ต้องสัมผัสกับฮอร์โมนหรือมลพิษจากสิ่งแวดล้อมเป็นระยะเวลานาน
ผู้ที่มีสุขภาพดี ที่ต้องการตรวจติดตามการทำงานของภูมิคุ้มกันที่มีกันที่มีมาแต่กำเนิด ซึ่งเป็นภูมิแบบไม่จำเพาะเจาะจงของตนเอง Nondpecific Defense Mechanism)
หน้าที่ของภูมิคุ้มกัน NK CELLS 
กองกำลังทหารในระบบภูมิคุ้มกันที่มีมาแต่กำเนิดแบบไม่จำเพาะเจาะจงของร่างกาย จะรวมถึง NK Cells (เนทเชอรัล คิลเลอร์ เซลล์ – Natural killer cells) ซึ่งเป็นเม็ดเลือดขาวชนิดหนึ่ง หรือ “Iymphocyte” เซลล์เหล่านี้นับว่าเป็นกุญแจสำคัญในระบบภูมิคุ้มกัน เหมือนด่านหน้าในการต่อสู้ป้องกันเซลล์แปลกปลอมที่เป็นอันตราย
ปกติแล้วร่างกายจะมี NK Cells อยู่ประมาณ 2,000-5,000 ล้านเซลล์ เมื่อมีเซลล์แปลกปลอมรุกล้ำเข้ามา NK Cells จะรู้ทันที และรีบเดินหน้าไปต่อสู้เซลล์แปลกปลอมเหล่านั้นภายใน 24 ชั่วโมง และทันทีที่เคลื่อนเข้าไปถึงนั้นจะเกิด 2 สิ่งนี้ขึ้น
NK Cells จะจัดการกับเซลล์แปลกปลอม โดยสร้างปฏิกิริยาลูกโซ่ ซึ่งเป็นการฆ่าเซลล์แปลกปลอมได้โดยตรง (เรียกว่า Cytotoxicity)
NK Cells จะทำงานไปพร้อมกับการปล่อยสารโปรตีนในกระแสเลือดที่เรียกว่า Cytokine ซึ่งจะเรียกเซลล์อื่นๆ ในระบบภูมิคุ้มกันมาช่วย NK Cells ฆ่าเซลล์แปลกปลอม (หรือช่วยป้องกันการโตของเนื้องอก)
ระบบภูมิคุ้มกัน NK Cells ทำงานอย่างไร?
การทำงานของ NK Cells หรือที่เราเรียกว่า NK Cell Activity เป็นตัววัดความสามารถของร่างกายในการต่อสู้กับเซลล์แปลกปลอมที่เป็นอันตราย รวมทั้งช่วยให้แพทย์ประเมินความแข็งแกร่งของระบบภูมิคุ้มกันในการต่อสู้กับการติดเชื้อ
NK Cell Activity เป็นค่าที่สะท้อนถึงจำนวนปัจจัยและโรคต่างๆ เช่น ในคนที่มีความเครียดสูง นอนไม่หลับ หรือมีภาวะโภชนาการที่ไม่เหมาะสมก็จะมีค่า NK Cell Activity ระดับต่ำ จะส่งผลให้มีความเสี่ยงสูงขึ้นจากโรคติดเชื้อและโรคอื่นๆ ตามมา และถึงแม้ว่าการวัด NK Cell Activity อาจจะไม่สามารถระบุถึงโรคที่เป็นอยู่ได้ แต่ค่าที่วัดได้จะช่วยให้แพทย์ตัดสินใจที่จะตรวจเพิ่มเติมเพื่อหากว่าร่างกายมีปัญหาสุขภาพหรือเป็นโรคใดอยู่หรือไม่
การตรวจวัดระดับภูมิคุ้มกัน NK Cells
Immunity NK Test คือ เทคโนโลยีการตรวจเลือดครั้งแรกในหลอดทดลอง ซึ่งสามารถวัดจำนวน IFN-gramma ที่หลั่งออกมา ค่านี้จะช่วยประเมินความสามารถของระบบภูมิคุ้มกันที่มีมาแต่กำเนิดแบบไม่จำเพาะเจาะจง ทำให้ทราบถึงความสามารถในการป้องกันการติดเชื้อไวรัสและต่อต้านเซลล์มะเร็ง ซึ่งการตรวจวัดระบบนี้ได้ผ่านการรับรองโดย The MFDS (Ministry of Food and Drug Safety) October, 2012 (12-1357) และได้การยอมรับในฐานะ Novel Health Technology หลังผ่านการประเมินโดย NECA (National Evidence-based healthcare Collaborating Agency) June, 2014
ใครบ้างที่ควรวัดระดับภูมิคุ้มกัน NK CELLs
คนที่มีสุขภาพดีที่ต้องการตรวจติดตามการทำงานของภูมิคุ้มกันที่มีมาแต่กำเนิดแบบไม่จำเพาะเจาะจงของตนเอง
คนที่มีการติดเชื้อบ่อยครั้ง
คนที่ต้องสัมผัสกับฮอร์โมนหรือมลพิษจากสิ่งแวดล้อมเป็นระยะเวลายาวนาน
คนที่มีสภาวะอ่อนล้าเรื้อรัง
คนที่มีประวัติการสูบบุหรี่อย่างหนัก
คนที่มีบุคคลในครอบครัวมีประวัติการเป็นโรคมะเร็ง
เพิ่มภูมิคุ้มกันด้วย NK Cell Therapy
สำหรับผู้ที่มีข้อบ่งชี้ถึงการทำงานของ NK Cell Activity ในระดับต่ำกว่าค่าปกติ (100-250)
การทำงานของ NK Cells ที่มีค่าต่ำนั้น อาจมีสาเหตุมาจากเงื่อนไขที่เกี่ยวกับสุขภาพ หรือเป็นสัญญาณจากโรคในระยะเริ่มต้น ดังนั้นจึงควรปรับปรุงและเสริมภูมิต้านทานของตนเอง
และถึงแม้ว่าจะมีข้อบ่งชี้ในการทำงานของ NK Cell Activity ในระดับปกติ (250-500)
ก็ไม่ควรนิ่งนอนใจที่จะรักษาสภาวะที่ดีนี้ไว้ให้คงอยู่ ซึ่งแพทย์จะทำการวินิจฉัยค่าดังกล่าวประกอบกับการตรวจสุขภาพโดยรวม เพื่อแนะนำวิธีการ ทางเลือกในการเพิ่มภูมิคุ้มกัน
หรือให้การรักษาที่เหมาะสมต่อไป เช่น การรับประทานยา หรือทำการจัดเก็บภูมิคุ้มกันที่สำคัญจากเลือด (Active NK Cells + lymphocytes) เพื่อนำมาใช้ได้เพิ่มระดับภูมิต้านทานได้ในทันที หรือฝากเก็บไว้ใช้ในอนาคตเมื่อต้องการ ซึ่งภูมิคุ้มกันที่เพาะเลี้ยงได้จาก NK Cells นั้นจะเก็บไว้ได้ถึง 5 ปี มีความจำเป็นเมื่อไหร่ก็สามารถนำมาใช้ได้ในทันที
ACTIVE Ingredients : สารสกัดสำคัญ
1. MANGOSTEEN POWDER (ผงมังคุด) (GARCINIA MANGOSTANA L. ) เนื้อมังคุด
2. JERUSALEM ARTICHOKE POWDER (ผงแก่นตะวัน) (HELIANTHUS TUBEROSUS L.) หัวใต้ดิน
3. PLU KAOW EXTRACT HOUTTUYNIA CORDATA THUNB. LEAF WATER
4. GOTU KOLA EXTRACT CENTELLA ASIATICA LEAF WATER
5. INDIAN GOOSEBERRY EXTRACT PHYLLANTHUS EMBLICA L. FRUIT WATER
6. WHITE JELLY MUSHROOM EXTRACT TREMELLA FUCIFORMIS BERK. MUSHROOM WATER
7. MAITAKE EXTRACT GRIFOLA FRONDOSA (DICKS.)
GRAY MUSHROOM WATER
8. TOMATO EXTRACT LYCOPERSICON ESCULENTUM MILL. FRUIT WATER
9. GINGER EXTRACT ZINGIBER OFFICINALE ROOT
MANGOSTEEN POWDER (ผงมังคุด) 
(GARCINIA MANGOSTANA L. ) เนื้อมังคุด
สารสกัดเปลือกมังคุด
ผลิตจากเปลือกมังคุดสายพันธุ์ Garcinia mangostana L. บริสุทธิ์ 100% ประกอบไปด้วยสารชีวภาพสำคัญหลายชนิด ออกฤทธิ์เป็นยาสมานแผล ช่วยบรรเทาอาการแผลเปื่อยพุพอง แก้อาการท้องเสีย ท้องร่วง โดยใช้กับอาการท้องเดินทั่วไป เช่นท้องเดินที่เกิดจากอาหารเป็นพิษที่ไม่ใช่อาการท้องเดินที่รุนแรง นอกจากนี้ยังออกฤทธิ์ในการต้านเชื้อแบคทีเรีย
ต้านเชื้อรา ต้านเชื้อมาเลเรีย ต้านออกซิเดชัน ออกฤทธิ์จับกับอนุมูลอิสระช่วยให้เซลล์แข็งแรง และออกฤทธิ์ต้านเซลล์มะเร็ง
สารสำคัญที่พบอยู่ในเปลือกมังคุดประกอบด้วยสารแทนนิน (tannin), สารกลุ่มแซนโธน (xanthones)
ที่ประกอบด้วยสารหลัก คือ แอลฟา-แมงโกสติน (α-mangostin) สารกลุ่มแซนโทนเป็นกลุ่มสารสำคัญหลักที่ออกฤทธิ์ทางเภสัชวิทยาต่อร่างกาย
กลไกการทำงานของสารสกัดเปลือกมังคุด
มีประสิทธิภาพสูงด้านการต้านอนุมูลอิสระ : แซนโทน (Xanthones) มีคุณสมบัติเป็นสารต้านอนุมูลอิสระ กลไกการต้านอนุมูลอิสระของแซนโทนมีทั้งดักจับอนุมูลอิสระของอนุมูลว่องไวปฎิกิริยาออกซิเจน ไนโตรเจน และยังสามารถดักจับกับโลหะที่สามารถเร่งปฏิกิริยาสร้างอนุมูลอิสระ
อนุพันธ์ุของแซนโทนมีความหลากหลายของโครงสร้าง ทำให้สารแซนโทนแต่ละชนิดมีความแตกต่างทางชีวภาพ มีกลไกในการต้านอนุมูลอิสระที่แตกต่างกัน ทำให้เกิดประสิทธิภาพในด้านการต้านอนุมูลอิสระ แซนโทนบางชนิด สามารถป้องกันการเกิดโรคได้โดยการกำจัด reactive oxygen species (ROS) ซึ่งเป็นสาเหตุที่ทำให้เซลล์ถูกทำลายหรือเซลล์เสียหายอย่างถาวร (irreversible damage)
ต้านการอักเสบ : แอลฟา แกมม่าแมงโกสติน (Alpha- and gamma-mangostins) เป็นอนุพันธุ์ของแซนโทนชนิดหนึ่งที่มีปริมาณมากและมีฤทธิ์ทางชีวภาพที่ดี มีคุณสมบัติต้านการอักเสบ ลดการเกิดแผลในทางเดินอาหาร และยังพบว่ามีประสิทธิภาพในการต่อต้านแบคทีเรียมากที่สุด
ออกฤทธิ์ลดอาการภูมิแพ้ : histamine เป็นสารที่มีบทบาทสำคัญในกระบวนการตอบสนองต่อภูมิแพ้ การติดเชื้อ ทำให้เกิดอาการปวด ระคายเคือง อาการคัน น้ำมูกไหล และหายใจมีเสียงวี๊ด อาการเหล่านี้เป็นอาการที่เกิดจากสารฮิสทามีน สารสกัดจากเปลือกมังคุดธรรมชาติมีคุณสมบัติทางยา ออกฤทธิ์ยับยั้งการหลั่งสารฮีสตามีน (histamine) จึงช่วยลดอาการภูมิแพ้ ป้องกันการเกิดภูมิแพ้
ลดอาการท้องเดิน : เปลือกมังคุดประกอบด้วยสารแทนนิน (tannin)มากถึง 8.8 – 10.5 % ออกฤทธิ์ลดอาการท้องเดิน
ต้านการเกิดมะเร็ง : แซนโทน (Xanthones) ยังมีคุณสมบัติในการควบคุมการแบ่งตัว การเติบโตและการแพร่กระจายของเซลล์มะเร็ง ช่วยยับยั้งและลดการก่อมะเร็งในขั้นตอนต่างๆตั้งแต่เริ่มต้น เติบโต และระยะลุกลาม
ช่วยบำรุงผิว : Mangostin และ Isogarcinol มีสารที่สามารถช่วยปกป้องผิวหนังจากความเสียหายจากสิ่งแวดล้อมและแสงแดด ส่งเสริมสุขภาพผิวหนังที่ดี เช่น ช่วยลดการเกิดริ้วรอย และทำให้ผิวดูมีชีวิตชีวา
Special properties
Immunosuppressive agent for treating psoriasis
Get rid of acne and the defects of the skin
Anti-oxidant - ต้านอนุมูลอิสระ
Anti-aging - ชะลอวัย
Anti-inflammatory - ต้านการอักเสบ
Anti-microbial - ต้านเชื้อ โรค
Anti-cancer- ต้านการเกิดมะเร็ง
Anti-cholestermic - ลดคลอเรสเตอรอล
Anti-acne - ช่วยลดสิวและป้องกันการเกิดสิว
Anti-diabetic effects - ออกฤทธิ์ต้านโรคเบาหวาน
Increase immune function - เสริมสร้างระบบภูมิคุ้มกัน
Skin treatments - ช่วยบำรุงผิว และลดปัญหาผิว
Treating psoriasis - ช่วยบรรเทาอาการของโรคสะเก็ดเงิน
Boost heart health - บำรุงหัวใจ, ลดความเสี่ยงต่อการเกิดโรคหัวใจ
JERUSALEM ARTICHOKE POWDER (ผงแก่นตะวัน) 
(HELIANTHUS TUBEROSUS L.) หัวใต้ดิน
แก่นตะวันเป็นพืชลัมลุกจัดอยู่ในวงศ์ทานตะวัน (พืชที่มีดอกคล้ายดอกทานตะวัน) หัวของแก่นตะวัน มีลักษณะคล้ายชิง เนื้อในกรอบคล้ายแห้ว มีสรรพคุณเสริมสร้างภูมิคุ้มกัน ป้องกันการเกิดโรคใน ระบบทางเดินอาหาร โดยเฉพาะอย่างยิ่งคือลดความเสี่ยงในการเกิดโรคเบาหวานและช่วยควบคุมน้ำหนัก
จากการศึกษาวิจัยพบว่าแก่นตะวันมีฤทธิ์ลดน้ำตาลและไขมันในเลือดได้ เนื่องจากส่วนหัวของแก่นตะวันมีสาร อินนูลิน (inulin) และฟรุกโตโอลิโกแซคคาไรค์ (fructooligosaccharides) เป็นส่วนประกอบสำคัญ ซึ่งเป็นสารอาหารที่มีเส้นใยที่ให้แคลอรี่ต่ำ และในระบบทางเดินอาหารของคนเราไม่มีเอนไซม์ใช้ย่อยได้ ดังนั้นเมื่อรับประทานเข้าไปจะไม่ถูกย่อยในกระเพาะอาหารและในลำไส้เล็ก ทำให้ไม่มีการดูดซึมหรือเพิ่มปริมาณน้ำตาลในเลือด จึงไม่เป็นปัญหาต่อผู้ที่เป็นโรคเบาหวาน
ประโยชน์ของแก่นตะวัน
ช่วยลดน้ำหนัก
ช่วยป้องกันโรคเบาหวาน
ช่วยลดไขมันในเลือด
ช่วยลดน้ำตาลในเลือด
ช่วยลดคอเรสเตอรอลสูง
ช่วยขับปัสสาวะ
แก้ท้องผูก
แก้ท้องเสีย
ช่วยระบบขับถ่าย
ช่วยย่อยอาหาร
ช่วยเจริญอาหาร
ช่วยขับสารพิษ
ช่วยสร้างภูมิคุ้มกันร่างกาย
ช่วยป้องกันโรคภูมิแพ้
ช่วยป้องกันโรคมะเร็งลำไส้
ช่วยป้องกันโรคหัวใจ
PLU KAOW EXTRACT HOUTTUYNIA CORDATA THUNB. LEAF WATER
ประโยชน์และสรรพคุณพลูคาว
แก้กามโรค
แก้ข้อเข่า
แก้น้ำเหลืองเสีย
ใช้เป็นยาดับพิษร้อน ถอนพิษไข้
แก้พิษ
เป็นยาขับปัสสาวะ
แก้บวมน้ำ
รักษาปอดอักเสบเป็นหนอง
หลอดลมอักเสบ
รักษาติดเชื้อทางเดินปัสสาวะ
รักษาไตอักเสบบวมน้ำ
รักษาลำไส้อักเสบ
รักษาเต้านมอักเสบ
รักษาหูชั้นกลางอักเสบ
แก้บิด
แก้ริดสีดวงทวาร
แก้พิษงู
แก้แมลงกัดต่อย
แก้โรคผิวหนังกลากเกลื้อน ฝีอักเสบ
แก้โรคผิวหนังผื่นคัน ฝีฝักบัว ฝีแผลเปื่อย
ช่วยต่อต้านมะเร็ง ยับยั้งการเจริญเติบโตของเซลล์มะเร็ง
ช่วยบำบัดฟื้นฟูโรคความดันโลหิตสูง
ช่วยเสริมสร้างภูมิคุ้มกันให้กับร่างกาย
ช่วยในการต้านทานโรค
ช่วยยืดอายุผู้ป่วยให้อยู่สู้โรคได้นานมากขึ้น
ช่วยยับยั้งเบาหวาน
รักษาความสมดุลของร่างกาย
ช่วยต้านเชื้อโรคหวัด ไข้หวัดใหญ่
ช่วยรักษาอาการติดเชื้อเฉียบพลัน
ช่วยรักษาภาวะภูมิแพ้ หอบหืด
เป็นยาระบาย อาหารไม่ย่อย
ช่วยขับพยาธิ
รักษาโรคตับอักเสบชนิดดีซ่าน
รักษาแผลอักเสบบริเวณคอมดลูก
รักษาการอักเสบบริเวณกระดูกเชิงกราน
ช่วยยับยั้งการเจริญเติบโตของไวรัสชนิดต่าง ๆ เช่น ไข้ทรพิษ หัด งูสวัด เริม เอดส์ (HIV)
พลูคาวเป็นพืชที่มีอายุยืนและเป็นพืชสมุนไพรประจำถิ่นที่พบมากในแถบภาคเหนือของไทย และยังพบในบริเวณเทือกเขาหิมาลัย อินเดีย(india) เรื่อยมาจนถึงจีน(china) ลาว(laos) เกาหลี(korae) เวียดนาม(vietnam) และญี่ปุ่น(japan) ซึ่งถือเป็นพืชตระกูลเดียวกับพลู ชอบขึ้นในพื้นที่ชื้นแฉะ มีร่มเงาเล็กน้อยและสภาพอากาศเย็น โดยจะมีลักษณะแตกต่างจากพลู คือ ที่ใต้ใบของพลูคาวจะมีสีแดงอ่อนไปจนถึงสีแดงเข้ม โดยชาวบ้านในเขตภาคเหนือจะเรียกว่า “ผักคาวตอง” ส่วนภาคอื่นๆได้มีการนำต้นพลูคาว ไปปลูกและพบว่าสามารถปลูกพลูคาวได้ แต่ไม่เจริญงอกงามได้เท่ากับในภาคเหนือ
GOTU KOLA EXTRACT CENTELLA ASIATICA LEAF WATER
คุณประโยชน์ของใบบัวบก
แก้อาการช้ำใน ลดอาการอักเสบ
เสริมสร้าง และกระตุ้นการสร้างคอลาเจน และอิลาสติกให้ผิวหนังเปล่งปลั่ง
บำรุง และรักษาดวงตา และสายตา เพราะใบบัวบกมีวิตามินเอสูง
บำรุงประสาท และสมอง เพิ่มความสามารถในการจำ ลดความเสี่ยงอัลไซเมอร์ หรือสมองเสื่อม
ลดความเครียด และคลายความกังวลได้
แก้อาการปวด เวียนศีรษะ
บรรเทาอาการเจ็บคอ ร้อนใน กระหายน้ำ
ลดระดับน้ำตาลในเลือด
รักษาโรคความดันโลหิตสูง
บำรุงโลหิต รักษาภาวะโลหิตจาง
INDIAN GOOSEBERRY EXTRACT
PHYLLANTHUS EMBLICA L. FRUIT WATER
มะขามป้อมพบได้ทั่วไปในป่าเขตร้อนของทวีปเอเชียตอนใต้ และตะวันออกเฉียงใต้
แถบภาคกลาง และใต้ของอินเดีย ปากีสถาน บังคลาเทศ ศรีลังกา จีน มาเลเซีย เมียนมาร์ ไทย ลาว กัมพูชา เวียดนาม ฟิลิปปินส์ ในประเทศไทยพบมากในภาคตะวันออกเฉียงเหนือ ภาคเหนือ ภาคตะวันออก และภาคกลาง มักขึ้นในธรรมชาติในป่าเบญจพรรณแล้ง ป่าเต็งรัง และป่าแดงประเทศ แต่มีมากทางภาคตะวันออกเฉียงเหนือ การกระจายพันธุ์เกิดจากการที่เมล็ดร่วงลงดิน
ใช้เป็นน้ำยาบ้วนปาก แก้ปวดฟัน
แก้ปวดท้องน้อย กระเพาะอาหาร
แก้ปวดเมื่อยกระดูก
แก้ไอ ละลายเสมหะ
แก้ตานซางในเด็ก
แก้กระหายน้ำได้เป็นอย่างดี
ช่วยขับปัสสาวะ
เป็นยาระบาย
รักษาคอตีบ
รักษาเลือดออกตามไรฟัน
เป็นยาถ่ายพยาธิ
แก้ท้องเสีย
รักษาโรคหนองใน
บำรุงธาตุ
รักษาโรคบิด
ใช้ล้างตา แก้ตาแดง เยื่อบุตาอักเสบ
แก้ตกเลือด ใช้เป็นยาล้างตา
รักษาโรคดีซ่าน
ทาแก้ตุ่มคัน หืด
รักษาโรคเบาหวาน
รักษาโรคหอบหืด หลอดลมอักเสบ
แก้คลื่นไส้ อาเจียน
ต้านอนุมูลอิสระและยังยั้งการสร้างเมลานินได้
บำรุงผิวขาว และช่วยชะลอความแก่
มะขามป้อม 1 ลูกนั้นให้วิตามินซีสูงกว่าวิตามินซีสังเคราะห์ถึง 12 เท่า 
และมากกว่านี้ส้มคั้นสด ถึง 20 เท่า
WHITE JELLY MUSHROOM EXTRACT
TREMELLA FUCIFORMIS BERK. MUSHROOM WATER
สารสกัดจากเห็ดหูหนู เห็ดหูหนูขาว Hyaluronic ตามธรรมชาติจากพืช ที่ช่วยทั้งเรื่องผิวชุ่มชื้นและดูแลข้อต่อ เมื่ออายุมากขึ้นร่างกายจะสร้าง ไฮยารูโรนิค แอชิดน้อยลง จึงมีการคิดค้นและสกัด ไฮยารูโรนิค แอซิดจากแหล่งอื่นมาใช้ เพื่อทดแทนเพื่อเติมเต็มเนื้อเยื่อตามร่างกาย ในส่วนของ ผิวหนัง กระดูกข้อต่อ กลไกสมานแผน เป็นองค์ประกอบสำคัญของข้อต่อ และกระดูกอ่อน
เป็นสารหล่อลื่น เพื่อป้องกันการเสียดสีของกระดูก และเป็นองค์ประกอบสำคัญของผิวหนัง ที่มีความสำคัญไม่แพ้คอลลาเจนเลยทีเดียว ช่วยกักเก็บความชุ่มชื่นไว้กับผิว ช่วยให้ระบบการผลัดเซลล์ผิวที่ตายแล้วทำงานได้ดี และช่วยในกลไกการสมานแผล และลดอาการอักเสบที่เกิดกับผิวได้ จึงทำให้ผิวพรรณเปล่งปลั่งสดใส
สรรพคุณของเห็ดหูหนูขาว
บำรุงผิวพรรณ เห็ดหูหนูมีคุณสมบัติในการอุ้มน้ำได้มาก และมีสารไฟโตไฮยาลูโรเนด ที่จะกำจัดอนุมูลอิสระภายในร่างกาย ช่วยชะลอการเกิดริ้วรอยและทำให้ดูอ่อนเยาว์ลงอีกด้วย
ช่วยควบคุมน้ำหนัก เห็ดหูหนูเต็มไปด้วยใยอาหารชนิดที่ไม่ละลายน้ำ เมื่อรับประทานเข้าไปจึงทำให้รู้สึกอิ่ม ไม่หิวบ่อย จึงช่วยควบคุมน้ำหนักได้เป็นอย่างดี
ชะลอความเสื่อมของเซลล์ในร่างกาย สารต้านอนุมูลอิสระมากมายที่พบในเห็ดหูหนูขาว ช่วยปกป้องเซลล์ในร่างกายไม่ให้ถูกทำลาย และชะลอการเสื่อมสภาพของเซลล์ได้
บำรุงเลือด เห็ดหูหนูขาว มีส่วนช่วยในการบำรุงเลือด โดยจะช่วยเสริมสร้างการผลิตเซลล์เม็ดเลือดให้เพิ่มมากขึ้น ลดความเสี่ยงการเป็นโรคโลหิตจาง
ป้องกันโรคอัลไซเมอร์ เห็ดหูหนูขาว มีส่วนช่วยในการบำรุงสมองและเสริมสร้างความจำ จึงสามารถป้องกันโรคอัลไซเมอร์ได้
ช่วยให้ขับถ่ายดีขึ้น เห็ดหูหนูมีใยอาหารสูง จึงช่วยเสริมให้ระบบขับถ่ายทำงานได้ดียิ่งขึ้น ช่วยป้องกันการเกิดโรคริดสีดวง และลดโอกาสเกิดโรคท้องผูก
แก้อาการประจำเดือนมาไม่ปกติ การรับประทานเห็ดหูหนูขาว จะไปกระตุ้นฮอร์โมนทำให้ประจำเดือนมาตามปกติ นอกจากนี้ยังช่วยลดอาการปวดท้องขณะมีประจำเดือนได้เป็นอย่างดี
เสริมภูมิคุ้มกัน ช่วยกระตุ้นภูมิคุ้มกันได้ ทำให้สามารถต่อสู้กับสิ่งแปลกปลอมได้ดีขึ้น
MAITAKE EXTRACT GRIFOLA FRONDOSA (DICKS.) 
GRAY MUSHROOM WATER
เห็ดไมตาเกะ (Maitake)เป็นนักสู้มะเร็ง หนึ่งในเหตุผลหลักว่าทำไมเห็ดเหล่านี้จะต้องมีการบริโภคในชีวิตประจำวันเป็นเพราะความสามารถในการต้านมะเร็งของ งานวิจัยล่าสุดได้เปิดเผยว่าเห็ดสมุนไพรไม่ว่าบริโภคในรูปแบบใดๆ (ดิบ สุก หรืออาหารเสริม) ไม่เพียง แต่ช่วยเพิ่มระบบภูมิคุ้มกันของร่างกาย แต่ยังช่วยกระตุ้นการผลิตเซลล์ต้านมะเร็งและยังสามารถป้องกันการพัฒนาของมะเร็งได้อีกด้วย การศึกษาอย่างต่อเนื่องนอกจากนี้ยังแสดงให้เห็นว่าองค์ประกอบในเห็ดสมุนไพรนี้ยังสามารถ จำกัด การเจริญเติบโตของเซลล์มะเร็งได้
เห็ดไมตาเกะเป็นเชื้อราที่นำมาทำเป็นอาหารในเอเชียเป็นเวลาหลายพันปี และใช้ทำยา เห็ดไมตาเกะใช้สำหรับ
รักษามะเร็ง
บรรเทาผลข้างเคียงจากการรักษาด้วยเคมีบำบัดสำหรับโรคมะเร็ง
ในคนที่มีเชื่อเอชไอวี หรือโรคเอดส์
โรคเหนื่อยล้าเรื้อรัง (CFS)
ไวรัสตับอักเสบ
ไข้ละอองฟาง
ผู้ป่วยโรคเบาหวาน
ความดันโลหิตสูง
คอเลสเตอรอลสูง
การควบคุมหรือลดน้ำหนัก
ภาวะมีบุตรยากเนื่องจากโรคถุงน้ำหลายอัน (Polycystic Diseases)
TOMATO EXTRACT
LYCOPERSICON ESCULENTUM MILL. FRUIT WATER
ข้อมูลวิจัยสารออกฤทธิ์ในมะเขือเทศ
ผลการศึกษาฤทธิ์ต้านเอนไซม์ไทโรซิเนสของสารสกัดจากมะเขือเทศที่สกัดโดยการหมักด้วยตัวละลาย 4 ชนิด ได้แก่ เฮกเซน เอทิลแอซีเทต เมทานอลและโพรพิลีนไกลคอล พบว่าสารสกัดทั้ง 4ชนิด มีฤทธิ์ต้านเอนไซน์ไทโรซิเนสอยู่ในระดำต่ำเมื่อเปรียบเทียบกับกรดโคจิก ขณะที่รายงานผลการศึกษาฤทธิ์ต้านเอนไซม์ไทไรซิเนสของสารสกัดผลมะเขือเทศที่สกัดด้วยวิธีแบบไหลย้อนกลับ และใช้เมทานอลเป็นตัวทำละลายมีฤทธิไกล้เคียงกับกรดโคจิก นอกจากนี้ยังพบว่าสารสกัดจากน้ำมะเขือเทศ และสารสกัดจากการนำน้ำมะเขือเทศไปสกัดด้วยตัวทำลายเอทิลแอซีเทตมีฤทธิ์ยับยั้งการสร้างเมลานินซึ่งทดสอบในเซลล์เมลาโนมา โดยสารสำคัญในมะเขือเทศที่มีฤทธิ์ต้านเอนไซม์ ไทโรวซิเนส คือ สารประกอบกลุ่มโดลีฟินอล สารไลโคปีนในมะเขือเทศ
สารไรโคปีน (Lycopene) เป็นสารที่พบมากในผักผลไม้ที่เป็นสีแดง เป็นสารต้านอนุมูลอิสระ ป้องกันการเสื่อมของเซลล์ในร่างกาย มีประโยชน์ต่อสุขภาพ มีฤทธิ์ที่ดีกว่าแบต้าแคโรทีน และแอลฟาโทโคฟีรอล มากถึง 2-10 เท่า เป็นสารต้านอนุมูลอิสระที่ดีที่สุด และสารไรโคปีนสามารถละลายในน้ำมันได้ดีจึงช่วยดูดซึมได้ดีในรูปแบบน้ำมัน
คุณสมบัติของไลโคพีนในมะเขือเทศ
ต่อต้านอนุมูลอิสระ ชะลอความแก่ ไลโคพีนมีประสิทธิภาพในการต้านอนุมูลอิสระสูงกว่า Beta-Carotene 2 เท่า และสูงกว่า Vitamin E 10 เท่า
ปกป้องผิวจากรังสียูวี ไลโคพีนทาหน้าที่คล้าย sunscreen ช่วยปกป้องผิวจากรังสียูวี UVA, UVB จากภายใน ทำให้ผิวทนต่อแสงแดดได้ดีขึ้น ช่วยป้องกันริ้วรอยและความหมองคล้ำจากแสงแดด
บำรุงต่อมลูกหมากและต้านมะเร็งต่อมลูกหมาก ไลโคพีนช่วยป้องกันการทำลายดีเอ็นเอของเซลล์ภูมิ ต้านทาน ทำให้ต่อสู้กับเชื้อโรคหรือมะเร็งได้ดี ยับยั้งการเกิดเซลล์มะเร็ง ต้านมะเร็งต่อมลูกหมาก ลดค่า PSA (Prostate Specific Antigen) ที่บ่งบอกความเสี่ยงมะเร็งต่อมลูกหมาก
ลดอัตราเสื่อมสมรรถภาพทางเพศและการเป็นหมัน ไลโคพีนช่วยกระตุ้นการเจริญเติบโตและเพิ่มจำนวนอสุจิ และทำให้อสุจิแข็งแรง ป้องกันภาวะมีบุตรยากในเพศชาย
ลดความเสี่ยงจากโรคหลอดเลือดอุดตันและโรคหัวใจ ไลโคพีนช่วยป้องกันการเกิดออกซิเดชันของไขมัน บริเวณหลอดเลือด ลดการอักเสบ ช่วยลดระดับไขมันตัวร้าย LDL คอเลสเตอรอล
ผลต่อระบบภูมิต้านทาน ไลโคพีนจะทำให้เม็ดเลือดขาวชนิด T-Lymphocyte ทำงานในการต้านทานต่อสิ่งแปลกปลอมได้ดีขึ้น
มะเขือเทศประโยชน์สรรคุณในการช่วยรักษาโรค
1. ช่วยให้ร่างกายสามารถต่อสู้กับโรคหอบหืดได้มากถึง 45%
2. ช่วยป้องกันโรคสมองเสื่อมหรืออัลไซเมอร์
3. ช่วยรักษาโรคลักปิดลักเปิด เลือดออกตามไรฟัน
4. ช่วยป้องกันการแข็งตัวของหลอดเลือด
5. มะเขือเทศมีฤทธิ์ในการช่วยขับปัสสาวะ
6. ช่วยรักษาโรคความดันโลหิตสูง
7. ช่วยลดความเสี่ยงในการเกิดโรคหัวใจ
8. ช่วยลดความเสี่ยงจากการเกิดภาวะเส้นเลือดตีบ การเกิดโรคหัวใจวาย สำหรับผู้ที่สูบบุหรี่เป็นประจำ
9. ช่วยป้องกันการเกิดโรคหัวใจขาดเลือด
10. ช่วยในระบบย่อยในกระเพาะอาหารและช่วยในการขับถ่ายอุจจาระได้สะดวก
11. ช่วยยับยั้งการเจริญเติบโตของเชื้อราหรือเชื้อราที่ปาก
12. ช่วยลดความเสี่ยงจากการเกิดโรคมะเร็งลำไส้
13. ช่วยลดความเสี่ยงจากโรคมะเร็งต่อมลูกหมากในเพศชายได้ถึง 45% หากรับประทานมะเขือเทศเป็นประจำ
14. ช่วยลดความเสี่ยงในการเกิดโรคมะเร็งรังไข่ในเพศหญิง
15. ซอสมะเขือเทศช่วยบรรเทาอาการเจ็บปวดหลังจากการหกล้มหรือถูกมีดบาดได้
GINGER EXTRACT ZINGIBER OFFICINALE ROOT
ขิง มหาโอสถอันเก่าแก่ที่เอเชียโบราณรู้จักดี ขิง (ginger) จัดว่าเป็นสมุนไพรและเครื่องเทศที่มีความสำคัญ และเก่าแก่ชนิดหนึ่งของโลก มีหลักฐานการใช้ยาวนานกว่า ๕,๐๐๐ ปี มีการใช้อย่างกว้างขวางในประเทศอินเดียและจีนสมัยโบราณ
ประโยชน์และสรรพคุณขิง
เป็นยาบำรุงกำลังและยาอายุวัฒนะ
ช่วยต่อต้านอนุมูลอิสระที่มีในร่างกาย
ช่วยให้ระบบขับถ่ายในร่างกายดีขึ้น
ช่วยรักษาอาการร้อนใน
ขับล้างสารพิษและคอเลสเตอรอล,ไขมัน ออกจากร่างกาย
ช่วยแก้อาการหนาวสั่น
ช่วยทำให้ร่างกายอบอุ่นขึ้น
ช่วยบรรเทาอาการคลื่นใส้อาเจียนได้
ช่วยลดอาการปวดศีรษะและไมเกรนได้
แก้ท้องอืด ท้องเฟ้อ ขับลม
สามารถช่วยรักษาโรคนิ่ว
ช่วยขับถ่ายของเสียออกจากลำไส้
ช่วยต่อต้านเชื้อแบคทีเรีย
ช่วยในการย่อยอาหาร
ช่วยลดกลิ่นปาก แก้อาการปากเหม็น",(กลางวัน) รับประทาน 1-2 แคปซูล (ก่อนอาหาร),"เสริมสร้างระบบภูมิคุ้มกัน|ช่วยลดคอเรสเตอรอล|ช่วยต่อต้านมะเร็﻿ง ยับยั้งการเจริญเติบโตของเซลล์มะเร็ง|บ﻿ำรุงประสาท และสมอง เพิ่มความสามารถในการจำ ลดความเสี่ยงอัลไซเมอร์ หรือสมองเสื่อม|ช่วยป้องกันโรคภูมิแพ้, น้ำเหลืองเสีย|ช่วยป้องกันโรคหัวใจ|การศึกษาพบว่าประสิทธิภาพการทำงานของเม็ดเลือดขาว NK Cell จะลดลงเมื่ออายุเพิ่มมากขึ้นเรื่อยๆ ซึ่งสัมพันธ์กับอุบัติการณ์ของมะเร็งที่เพิ่มมากขึ้นตามอายุ|แต่นอกจากอายุแล้วยังมีปัจจัยที่ทำให้ความสามารถของ NK cell อ่อนแอลง|ผู้ที่มีการติดเชื้อบ่อยครั้ง เช่น เริม, งูสวัด, โรคตับอักเสบ, เป็นหวัดบ่อย, เป็นไข้หวัดใหญ่สายพันธุ์ เอ หรือ บี, ไข้หวัดนก เป็นต้น|ผู้ที่บุคคลในครอบครัวมีประวัติการเป็นโรคมะเร็ง|ผู้ที่มีสภาวะอ่อนล้าเรื้อรัง|ผู้ที่มีประวัติการสูบบุหรี่อย่างหนัก|ผู้ที่ต้องสัมผัสกับฮอร์โมนหรือมลพิษจากสิ่งแวดล้อมเป็นระยะเวลานาน|ผู้ที่มีสุขภาพดี ที่ต้องการตรวจติดตามการทำงานของภูมิคุ้มกันที่มีกันที่มีมาแต่กำเนิด ซึ่งเป็นภูมิแบบไม่จำเพาะเจาะจงของตนเอง Nondpecific Defense Mechanism)|หน้าที่ของภูมิคุ้มกัน NK CELLS|NK Cells จะจัดการกับเซลล์แปลกปลอม โดยสร้างปฏิกิริยาลูกโซ่ ซึ่งเป็นการฆ่าเซลล์แปลกปลอมได้โดยตรง (เรียกว่า Cytotoxicity)|ระบบภูมิคุ้มกัน NK Cells ทำงานอย่างไร?|การตรวจวัดระดับภูมิคุ้มกัน NK Cells|ใครบ้างที่ควรวัดระดับภูมิคุ้มกัน NK CELLs|คนที่มีสุขภาพดีที่ต้องการตรวจติดตามการทำงานของภูมิคุ้มกันที่มีมาแต่กำเนิดแบบไม่จำเพาะเจาะจงของตนเอง|คนที่มีการติดเชื้อบ่อยครั้ง|คนที่ต้องสัมผัสกับฮอร์โมนหรือมลพิษจากสิ่งแวดล้อมเป็นระยะเวลายาวนาน|คนที่มีสภาวะอ่อนล้าเรื้อรัง|คนที่มีประวัติการสูบบุหรี่อย่างหนัก|คนที่มีบุคคลในครอบครัวมีประวัติการเป็นโรคมะเร็ง|เพิ่มภูมิคุ้มกันด้วย NK Cell Therapy|สำหรับผู้ที่มีข้อบ่งชี้ถึงการทำงานของ NK Cell Activity ในระดับต่ำกว่าค่าปกติ (100-250)|และถึงแม้ว่าจะมีข้อบ่งชี้ในการทำงานของ NK Cell Activity ในระดับปกติ (250-500)|บำรุง และรักษาดวงตา และสายตา เพราะใบบัวบกมีวิตามินเอสูง",,ช่วยต่อต้านมะเร็﻿ง ยับยั้งการเจริญเติบโตของเซลล์มะเร็ง ระบบภูมิคุ้มกัน (Immune System) เป็นหนึ่งในกลไกการทำงานของร่างกายซึ่งมีหน้าที่ดูแลและป้องกันไม่ให้เกิดการติดเชื้อในร่างกายมนุษย์ไม่ว่าจะเป็นเชื้อไวรัส เชื้อแบคทีเรีย หรือเชื้อโรคอื่นๆ และยังมีหน้าที่ในการกำจัด ป้องกันการเติบโตของเซลล์ที่ผิดปกติเช่นเซลล์มะเร็งอีกด้วย การศึกษาพบว่าประสิทธิภาพการทำงานของเม็ดเลือดขาว NK Cell จะลดลงเมื่ออายุเพิ่มมากขึ้นเรื่อยๆ ซึ่งสัมพันธ์กับอุบัติการณ์ของมะเร็งที่เพิ่มมากขึ้นตามอายุ ผู้ที่มีสุขภาพดี ที่ต้องการตรวจติดตามการทำงานของภูมิคุ้มกันที่มีกันที่มีมาแต่กำเนิด ซึ่งเป็นภูมิแบบไม่จำเพาะเจาะจงของตนเอง Nondpecific Defense Mechanism) การทำงานของ NK Cells หรือที่เราเรียกว่า NK Cell Activity เป็นตัววัดความสามารถของร่างกายในการต่อสู้กับเซลล์แปลกปลอมที่เป็นอันตราย รวมทั้งช่วยให้แพทย์ประเมินความแข็งแกร่งของระบบภูมิคุ้มกันในการต่อสู้กับการติดเชื้อ คนที่มีสุขภาพดีที่ต้องการตรวจติดตามการทำงานของภูมิคุ้มกันที่มีมาแต่กำเนิดแบบไม่จำเพาะเจาะจงของตนเอง สำหรับผู้ที่มีข้อบ่งชี้ถึงการทำงานของ NK Cell Activity ในระดับต่ำกว่าค่าปกติ (100-250) การทำงานของ NK Cells ที่มีค่าต่ำนั้น อาจมีสาเหตุมาจากเงื่อนไขที่เกี่ยวกับสุขภาพ หรือเป็นสัญญาณจากโรคในระยะเริ่มต้น ดังนั้นจึงควรปรับปรุงและเสริมภูมิต้านทานของตนเอง และถึงแม้ว่าจะมีข้อบ่งชี้ในการทำงานของ NK Cell Activity ในระดับปกติ (250-500) ผลิตจากเปลือกมังคุดสายพันธุ์ Garcinia mangostana L. บริสุทธิ์ 100% ประกอบไปด้วยสารชีวภาพสำคัญหลายชนิด ออกฤทธิ์เป็นยาสมานแผล ช่วยบรรเทาอาการแผลเปื่อยพุพอง แก้อาการท้องเสีย ท้องร่วง โดยใช้กับอาการท้องเดินทั่วไป เช่นท้องเดินที่เกิดจากอาห,,,,,,,,,
,KIND HERB,KIND HERB,Dr.Magica,ผลิตภัณฑ์เสริมอาหาร,,,,,,2025-10-29T13:29:15,2. KIND HERB ผลิตภัณฑ์เสริมอาหาร ไคนด์ เฮิร์บ (ตรา ดร.เมจิก้า),"2. KIND HERB
ผลิตภัณฑ์เสริมอาหาร ไคนด์ เฮิร์บ (ตรา ดร.เมจิก้า)
ปรับสมดุลลำไส้ ระบบย่อยอาการและการขับถ่าย สร้างสุขภาพดีแบบองค์รวม
วิธีรับประทาน : (กลางคืน) รับประทาน 1-2 แคปซูล (ก่อนนอน)
Product Benefit  
ส่งเสริมการเจริญเติบโตของจุลินทรีย์ชนิดดีในลำไส้
ช่วยป้องกันอาการท้องผูกและลำไส้อักเสบ ปรับสมดุลระบบขับถ่าย
ช่วยลดการอักเสบในกระเพาะอาหารและลำไส้ และสมานแผลในกระเพาะอาหาร บรรเทาอาการกรดไหลย้อน
ช่วยบำรุงลำไส้ ควบคุมน้ำตาลในเลือด ลดไขมัน และเสริมสร้างภูมิคุ้มกัน
กระตุ้นการเผาผลาญไขมัน (Thermogenesis) เพิ่มอัตราการเผาผลาญในร่างกาย และช่วยลดไขมันในช่องท้อง
ช่วยควบคุมระดับน้ำตาลในเลือด ลดความอยากอาหารหวาน และกระตุ้นการเผาผลาญพลังงาน
กระตุ้นการหลั่งน้ำดี ช่วยย่อยไขมัน
Active Ingredients ส่วนประกอบสำคัญ
สารสกัดจากแก่นตะวัน JERUSALEM ARTICHOKE POWDER HELIANTHUS TUBEROSUS L. หัวใต้ดิน
สารสกัดจากชะเอมเทศ LICORICE EXTRACT
GLYCYRRHIZA GLABRA L. ROOT WATER
สารสกัดจากเมล็ดกาแฟไม่คั่ว GREEN COFFEE BEAN EXTRACT COFFEA ARABICA L. BEAN WATER
สารสกัดจากอบเชย CINNAMON EXTRACT
CINNAMOMUM CASSIA BARK WATER
อินนูลิน INULIN 95%
สารสกัดจากขมิ้นชัน TURMERIC EXTRACT
CURCUMA LONGA L. RHIZOME 30% ETHANOL 70% WATER
สารสกัดจากอาร์ติโชค ARTICHOKE EXTRACT
CYNARA SCOLYMUS L. LEAF WATER
สารสกัดจากชาเขียว GREEN TEA EXTRACT
CAMELLIA SINENSIS LEAF WATER
สารสกัดจากพริก CAPSICUM EXTRACT
CAPSICUM FRUTESCENS L. FRUIT WATER
สารสกัดจากถั่วขาว WHITE KIDNEY BEAN EXTRACT
PHASEOLUS VULGARIS L. BEAN WATER
สารสกัดจากแก่นตะวันJERUSALEM ARTICHOKE POWDER(Helianthus tuberosus L. – ส่วนหัวใต้ดิน)
สรรพคุณ:อุดมไปด้วยอินนูลิน (Inulin) ซึ่งเป็นใยอาหารชนิดละลายน้ำ ช่วยกระตุ้นการเจริญเติบโตของจุลินทรีย์ที่เป็นประโยชน์ในลำไส้ ส่งเสริมการทำงานของระบบขับถ่าย และช่วยป้องกันภาวะท้องผูกและลำไส้อักเสบ
แก่นตะวัน หรือที่เรียกอีกชื่อหนึ่งว่า ""ทานตะวันหัว"" จัดอยู่ในวงศ์ทานตะวัน เป็นพืชล้มลุกที่มีหัวสะสมอาหารอยู่ใต้ดิน ลักษณะหัวคล้ายหัวขิงหรือหัวข่า ผิวขรุขระสีน้ำตาลอ่อน
จากผลการศึกษาทางวิทยาศาสตร์ พบว่าแก่นตะวันมีคุณสมบัติในการลดระดับน้ำตาลและไขมันในเลือด เนื่องจากอินนูลินและฟรุกโตโอลิโกแซคคาไรด์ (Fructooligosaccharides) ซึ่งเป็นใยอาหารที่ร่างกายไม่สามารถย่อยและดูดซึมได้ในระบบทางเดินอาหาร ส่งผลให้ไม่เพิ่มระดับน้ำตาลในเลือด เหมาะสำหรับผู้ป่วยโรคเบาหวาน อีกทั้งยังมีบทบาทในการดูดซับไขมัน ลดการสะสมพลังงานส่วนเกิน และช่วยควบคุมน้ำหนักได้อย่างมีประสิทธิภาพ
ประโยชน์ของสารสกัดจากแก่นตะวัน:
ช่วยควบคุมน้ำหนักและลดไขมันสะสม
ส่งเสริมสุขภาพลำไส้และระบบขับถ่าย
ช่วยควบคุมระดับน้ำตาลในเลือด
ลดระดับคอเลสเตอรอลในเลือด
กระตุ้นการย่อยอาหารและการดูดซึม
ส่งเสริมระบบภูมิคุ้มกันของร่างกาย
ลดความเสี่ยงของโรคหัวใจ เบาหวาน และมะเร็งลำไส้ใหญ่
สารสกัดจากเมล็ดกาแฟไม่คั่วGREEN COFFEE BEAN EXTRACT(Coffea arabica L. – ส่วนเมล็ด)
สรรพคุณ:ประกอบด้วยกรดคลอโรเจนิก (Chlorogenic Acid) ซึ่งมีคุณสมบัติในการลดการดูดซึมไขมันและน้ำตาล ลดความอยากอาหาร และกระตุ้นกระบวนการเผาผลาญพลังงานในร่างกาย
เมล็ดกาแฟดิบ หรือเมล็ดกาแฟสดที่ยังไม่ผ่านการคั่ว (Green Coffee Bean) เป็นแหล่งของสารอาหารและสารออกฤทธิ์ที่สำคัญ ได้แก่ คาร์โบไฮเดรต โปรตีน ไขมัน สารประกอบฟีนอล กรดไขมัน และสารต้านอนุมูลอิสระ โดยเฉพาะกรดคลอโรเจนิก ซึ่งพบในปริมาณสูงในเมล็ดกาแฟดิบ และลดลงอย่างมากเมื่อผ่านกระบวนการคั่ว
การวิจัยทางคลินิกแสดงให้เห็นว่าสารสกัดจากเมล็ดกาแฟดิบสามารถยับยั้งการทำงานของเอนไซม์ไลเปสในตับอ่อน (Pancreatic Lipase) ซึ่งมีบทบาทในการย่อยไขมัน จึงช่วยลดการสะสมไขมันในร่างกาย และส่งเสริมการใช้ไขมันสะสมเป็นแหล่งพลังงานได้อย่างมีประสิทธิภาพ
ประโยชน์ของสารสกัดจากเมล็ดกาแฟไม่คั่ว:
ช่วยควบคุมน้ำหนักและลดการสะสมไขมันส่วนเกิน
ควบคุมระดับน้ำตาลในเลือด โดยยับยั้งการเปลี่ยนน้ำตาลเป็นไขมัน
ส่งเสริมระบบการไหลเวียนโลหิต และสุขภาพหัวใจและหลอดเลือด
ต่อต้านอนุมูลอิสระ ชะลอกระบวนการเสื่อมของเซลล์ผิว
กระตุ้นเอนไซม์ที่ช่วยเผาผลาญไขมันให้เปลี่ยนเป็นพลังงาน
มีฤทธิ์ในการเพิ่มความชุ่มชื้นของผิว และช่วยลดเลือนริ้วรอยก่อนวัย
สารสกัดจากอบเชย (CINNAMON EXTRACT)(CINNAMOMUM CASSIA BARK WATER)สรรพคุณ: ช่วยควบคุมระดับน้ำตาลในเลือด ลดความอยากอาหารหวาน และกระตุ้นกระบวนการเผาผลาญพลังงานในร่างกาย
อบเชย เป็นเครื่องเทศที่ได้จากเปลือกชั้นในของต้นอบเชยที่ผ่านการทำให้แห้ง โดยมีรสเผ็ดเล็กน้อยปนหวานและมีกลิ่นเฉพาะตัว นิยมใช้ในการปรุงอาหาร รวมถึงเป็นส่วนประกอบในตำรับยาแผนโบราณ ซึ่งเชื่อว่ามีคุณสมบัติในการบำรุงร่างกาย บรรเทาอาการอ่อนเพลีย และส่งเสริมสมรรถภาพร่างกายโดยรวม
อบเชยประกอบด้วยสารออกฤทธิ์สำคัญ ได้แก่ กรดซินนามิก (Cinnamic Acid), ซินนามาลดีไฮด์ (Cinnamaldehyde), ยูจีนอล (Eugenol) และเอทิลซินนาเมต (Ethyl Cinnamate) ซึ่งมีคุณสมบัติลดการหลั่งสารฮีสตามีน อันเป็นสาเหตุของอาการแพ้ อีกทั้งยังมีฤทธิ์ทางเภสัชวิทยาหลากหลายประการ ดังนี้:
ส่งเสริมคุณสมบัติทางยาและสมุนไพร
บรรเทาอาการแพ้จากการหลั่งสารฮีสตามีน
ลดการอักเสบภายในร่างกายและที่ผิวหนัง
ควบคุมระดับน้ำตาลในเลือด และเสริมประสิทธิภาพของอินซูลิน
ป้องกันความเสื่อมของระบบประสาท เช่น อัลไซเมอร์ และพาร์กินสัน
ยับยั้งการเติบโตของเซลล์มะเร็งและหลอดเลือดที่ไปเลี้ยงเนื้องอก
ต่อต้านอนุมูลอิสระได้อย่างมีประสิทธิภาพ
ยับยั้งเชื้อไวรัส เช่น ไข้หวัดใหญ่ และ HIV-1
ป้องกันการติดเชื้อแบคทีเรียและเชื้อรา รวมถึงเสริมสุขภาพช่องปาก
ลดความเสี่ยงโรคหัวใจ โดยควบคุมระดับความดันโลหิตและไขมันในเลือด
อาจมีผลต่อการเสริมสมรรถภาพทางเพศในเพศชาย โดยเฉพาะในกรณีของภาวะหลั่งเร็ว
INULIN 95%
สรรพคุณ: ช่วยบำรุงสุขภาพลำไส้ ควบคุมระดับน้ำตาลในเลือด ลดไขมัน และเสริมสร้างภูมิคุ้มกันของร่างกาย
อินูลิน (Inulin) เป็นใยอาหารชนิดละลายน้ำในกลุ่มฟรุกโตโอลิโกแซคคาไรด์ (Fructooligosaccharides) ทำหน้าที่เป็นพรีไบโอติกส์ (Prebiotics) ซึ่งเป็นอาหารของจุลินทรีย์สุขภาพในลำไส้ เช่น Bifidobacteria และ Lactobacilli ช่วยสร้างสมดุลในระบบทางเดินอาหาร ดูดซับน้ำตาลและไขมันจากอาหาร ช่วยควบคุมน้ำหนัก ลดระดับคอเลสเตอรอล และน้ำตาลในเลือด อีกทั้งยังช่วยเพิ่มการดูดซึมแคลเซียม แมกนีเซียม และธาตุเหล็ก เสริมการทำงานของระบบภูมิคุ้มกัน และลดความเสี่ยงของโรคในระบบทางเดินอาหาร
อินูลินมีโครงสร้างเป็นพอลิเมอร์ของน้ำตาลฟรุกโทสที่ไม่ถูกย่อยในลำไส้เล็ก แต่จะถูกหมักโดยจุลินทรีย์ในลำไส้ใหญ่ ทำให้เกิดกรดไขมันสายสั้นที่มีประโยชน์ต่อสุขภาพ เช่น ช่วยกระตุ้นการหลั่งฮอร์โมน GLP-1 ที่มีบทบาทในการควบคุมความอยากอาหาร
อินูลินยังช่วยลดการสร้างไขมันในร่างกาย (Lipogenesis) และลดระดับไตรกลีเซอไรด์ในเลือด เพิ่มปริมาณมวลอุจจาระและความถี่ในการขับถ่าย มีประโยชน์ต่อผู้ที่มีอาการท้องผูก รวมถึงลดความเสี่ยงของมะเร็งลำไส้ใหญ่
จากการศึกษาเพิ่มเติม อินูลินสามารถลดความเสี่ยงของโรคลำไส้อักเสบ (IBD), โรคโครห์น และโรคหัวใจ อีกทั้งยังสามารถส่งเสริมผลลัพธ์ของวัคซีน โดยกระตุ้นการตอบสนองของระบบภูมิคุ้มกันได้อย่างมีประสิทธิภาพ
ประโยชน์ของอินูลิน:
ส่งเสริมการเจริญเติบโตของจุลินทรีย์ที่มีประโยชน์ในลำไส้
ช่วยควบคุมน้ำหนักและลดไขมันสะสม
ลดการอักเสบในร่างกาย
ควบคุมระดับน้ำตาลในผู้ป่วยเบาหวาน
ลดคอเลสเตอรอลและความดันโลหิต
บรรเทาอาการท้องผูกและปรับสมดุลระบบขับถ่าย
ลดความเสี่ยงของมะเร็งลำไส้ใหญ่
เพิ่มการดูดซึมแคลเซียม แมกนีเซียม และธาตุเหล็ก
ส่งเสริมการผลิตวิตามินบางชนิด
สนับสนุนการทำงานของระบบภูมิคุ้มกัน
สารสกัดจากขมิ้นชัน (TURMERIC EXTRACT)(Curcuma longa L. Rhizome – สกัดด้วยเอทานอล 30% และน้ำ 70%)
สรรพคุณ: ช่วยลดการอักเสบของกระเพาะอาหาร บรรเทาอาการกรดไหลย้อน กระตุ้นการหลั่งน้ำดีเพื่อช่วยในการย่อยไขมัน และมีฤทธิ์ต้านเชื้อแบคทีเรีย Helicobacter pylori ซึ่งเป็นสาเหตุหนึ่งของแผลในกระเพาะอาหาร
ขมิ้นชันเป็นพืชล้มลุกในวงศ์ขิง (Zingiberaceae) มีเหง้าอยู่ใต้ดิน อุดมไปด้วยวิตามินและแร่ธาตุที่สำคัญ เช่น วิตามินเอ บี1 บี2 บี3 ซี อี รวมถึงแคลเซียม ฟอสฟอรัส เหล็ก และใยอาหาร มีคุณสมบัติทางยาในการรักษาอาการหลากหลายชนิด
ขมิ้นชันประกอบด้วยสารออกฤทธิ์สำคัญ 2 กลุ่ม ได้แก่:
กลุ่มเคอร์คูมินอยด์ (Curcuminoids) โดยเฉพาะสารเคอร์คูมิน (Curcumin) ที่มีฤทธิ์ต้านอนุมูลอิสระ เชื้อแบคทีเรีย ปรสิต และลดความเสี่ยงของโรคมะเร็ง
กลุ่มน้ำมันหอมระเหย (Monoterpenes) ซึ่งช่วยบำรุงผิวพรรณ และเสริมภูมิคุ้มกัน
คุณประโยชน์ของขมิ้นชัน:
ป้องกันโรคอัลไซเมอร์และพาร์กินสัน
ลดไขมันในเลือด (Hypolipidaemic effect)
บรรเทาอาการแผลในกระเพาะอาหาร
ต้านการเกิดเซลล์มะเร็ง เช่น มะเร็งลำไส้ มะเร็งรังไข่ มะเร็งกระเพาะอาหาร
ลดการแพร่กระจายของไวรัส และต้านการติดเชื้อ
ลดภาวะการหายใจล้มเหลวเฉียบพลัน และความผิดปกติของอวัยวะหลายระบบ
บรรเทาอาการริดสีดวงทวาร
ต้านเอนไซม์ที่เกี่ยวข้องกับอัลไซเมอร์
ลดการอักเสบและความเจ็บปวด
ส่งเสริมระบบภูมิคุ้มกันของร่างกาย
การใช้ในตำรายาไทย:
ใช้ภายใน:
ช่วยเจริญอาหาร บำรุงธาตุ
บรรเทาอาการท้องอืด ท้องเฟ้อ จุกเสียด
บรรเทาอาการปวดประจำเดือน และภาวะประจำเดือนมาไม่ปกติ
บรรเทาอาการดีซ่าน วิงเวียนศีรษะ
รักษาโรคหวัด ไข้ เสมหะ และต้านวัณโรค
รักษาอาการท้องเสีย และป้องกันโรคหนองใน
ใช้ภายนอก:
ลดอาการฟกช้ำ ปวดข้อ และเคล็ดขัดยอก
สมานแผลสดและแผลถลอก
ใช้ผสมเป็นยานวดคลายเส้น
รักษาปัญหาผิวหนัง เช่น กลาก เกลื้อน ผื่นคัน
ห้ามเลือด และรักษาแผลจากแมลงสัตว์กัดต่อย
บำรุงผิวพรรณให้เรียบเนียนและแข็งแรง
สารสกัดจากชาเขียว (GREEN TEA EXTRACT)(Camellia sinensis Leaf Water)
สรรพคุณ: มีสาร Epigallocatechin gallate (EGCG) ซึ่งช่วยเร่งการเผาผลาญพลังงาน ลดการดูดซึมไขมันจากอาหาร และมีฤทธิ์ต้านอนุมูลอิสระอย่างมีประสิทธิภาพ
ชาเขียว (Green Tea) เป็นแหล่งของสารกลุ่มโพลีฟีนอล โดยเฉพาะคาเทชิน (Catechins) ซึ่งมีองค์ประกอบสำคัญ ได้แก่ EGCG, Epicatechin, Epigallocatechin และ Gallocatechin Gallate โดยสารที่มีความเข้มข้นสูงสุดในชาเขียวคือ EGCG (Epigallocatechin gallate)
EGCG เป็นสารต้านอนุมูลอิสระจากธรรมชาติที่มีฤทธิ์แรงกว่าวิตามินซีถึง 100 เท่า และวิตามินอีถึง 25 เท่า ช่วยป้องกันความเสียหายของเซลล์จากอนุมูลอิสระ และมีคุณประโยชน์หลายด้าน ดังนี้:
ส่งเสริมการเผาผลาญพลังงาน: ช่วยกระตุ้นการย่อยไขมัน ลดการดูดซึมคอเลสเตอรอล และเพิ่มอัตราการเผาผลาญพลังงาน
ล้างสารพิษในร่างกาย: ส่งเสริมแบคทีเรียสุขภาพในลำไส้ และช่วยลดการสะสมของสารพิษ
ต้านอนุมูลอิสระ: ช่วยชะลอความเสื่อมของเซลล์ ป้องกันการเกิดโรคเรื้อรัง
ต้านมะเร็ง: ยับยั้งการเจริญเติบโตของเซลล์มะเร็งในหลายระบบ เช่น มะเร็งลำไส้ มะเร็งตับ
เสริมสุขภาพหัวใจและหลอดเลือด: ป้องกันการออกซิเดชันของ LDL ลดความเสี่ยงของโรคหัวใจและความดันโลหิตสูง
ควบคุมระดับน้ำตาลในเลือด: ยับยั้งการทำงานของเอนไซม์ที่เปลี่ยนแป้งเป็นน้ำตาล ช่วยควบคุมน้ำตาลในเลือดอย่างสมดุล
ป้องกันโรคอัลไซเมอร์: ลดการเสื่อมของเซลล์สมอง และกระตุ้นการผลิตสารสื่อประสาทที่เกี่ยวข้องกับความจำและอารมณ์
เสริมระบบภูมิคุ้มกัน: EGCG มีศักยภาพในการยับยั้งเอนไซม์ 3CL protease ที่เกี่ยวข้องกับไวรัส
ป้องกันฟันผุและกระดูกพรุน: ช่วยลดการเกิดคราบพลัค และเสริมความแข็งแรงของกระดูก
ลดกลิ่นปากและแบคทีเรียในช่องปาก: ยับยั้งการเจริญเติบโตของเชื้อแบคทีเรียที่เป็นต้นเหตุของกลิ่นปากและโรคเหงือก
สารสกัดจากพริก (CAPSICUM EXTRACT)(Capsicum frutescens L. Fruit Water)
สรรพคุณ: กระตุ้นกระบวนการเผาผลาญพลังงาน (Thermogenesis) เพิ่มอัตราการเผาผลาญของร่างกาย และช่วยลดการสะสมของไขมัน โดยเฉพาะในช่องท้อง
พริกมีสารสำคัญชื่อว่า “แคปไซซิน” (Capsaicin) ซึ่งเป็นสารที่ให้ความเผ็ดตามธรรมชาติ มีคุณสมบัติในการกระตุ้นการเผาผลาญพลังงาน ยับยั้งการดูดซึมไขมัน กระตุ้นเอนไซม์ที่เกี่ยวข้องกับการย่อยและสลายไขมัน และมีบทบาทในการส่งเสริมสุขภาพหลากหลายด้าน ดังนี้:
ส่งเสริมกระบวนการเมตาบอลิซึม เพิ่มการเผาผลาญอาหารและไขมันส่วนเกิน
กระตุ้นการทำงานของเอนไซม์ในตับ ช่วยในการแตกตัวของไขมัน
ลดการดูดซึมไขมันจากทางเดินอาหาร และลดระดับคอเลสเตอรอลในเลือด
ช่วยรักษาแผลในกระเพาะอาหาร โดยกระตุ้นการหลั่งเมือก และลดความเป็นกรด
บรรเทาอาการท้องผูก และช่วยขับถ่ายโดยเพิ่มการเคลื่อนไหวของลำไส้
ลดการอักเสบของลำไส้จากกลไกของสารแอนนันดาไมด์ (Anandamide)
บรรเทาอาการโรคจมูกอักเสบไม่แพ้ โดยการนำสารแคปไซซินใช้ในรูปแบบสเปรย์พ่นจมูก
รักษาโรคสะเก็ดเงิน โดยการใช้สารแคปไซซินเฉพาะที่ช่วยลดอาการคันและอักเสบ
บรรเทาอาการปวดจากโรคเส้นประสาท และโรคเรื้อรัง เช่น เบาหวานหรือรูมาตอยด์
ระงับความรู้สึกปวดทั่วไป โดยชะลอการส่งสัญญาณเจ็บปวดไปยังสมอง
สารสกัดจากถั่วขาว (WHITE KIDNEY BEAN EXTRACT)(Phaseolus vulgaris L. Bean Water)
สรรพคุณ: ยับยั้งการทำงานของเอนไซม์อัลฟา-อะไมเลส (Alpha-amylase) ซึ่งช่วยลดการเปลี่ยนแป้งเป็นน้ำตาล ลดการสะสมของไขมันใหม่ เหมาะสำหรับผู้ที่บริโภคอาหารที่มีคาร์โบไฮเดรตสูง
ถั่วขาวเป็นแหล่งโปรตีนจากพืชที่อุดมไปด้วยสารอาหาร วิตามิน และแร่ธาตุที่จำเป็น โดยมีสารสำคัญ “ฟาเซโอลามิน” (Phaseolamin) ซึ่งมีบทบาทหลักในการควบคุมการย่อยแป้งและการดูดซึมน้ำตาล ดังนี้:
ยับยั้งเอนไซม์แอลฟา-อะไมเลส ทำให้แป้งไม่เปลี่ยนเป็นน้ำตาลได้อย่างสมบูรณ์
ลดการดูดซึมน้ำตาลเข้าสู่กระแสเลือด ช่วยควบคุมระดับน้ำตาลในเลือด
ส่งเสริมการควบคุมน้ำหนัก โดยร่างกายเผาผลาญไขมันสะสมแทนการใช้คาร์โบไฮเดรต
ให้โปรตีนจากพืชสูง เหมาะสำหรับผู้ที่ไม่รับประทานเนื้อสัตว์
ส่งเสริมระบบขับถ่าย ด้วยไฟเบอร์ธรรมชาติ และกระตุ้นการเติบโตของจุลินทรีย์สุขภาพในลำไส้
ลดการสะสมไขมันในช่องท้อง ซึ่งเป็นปัจจัยเสี่ยงต่อโรคเรื้อรัง เช่น เบาหวานและโรคหัวใจ
บำรุงสมองและความจำ เนื่องจากอุดมไปด้วยวิตามินบี1 ที่มีผลต่อระบบประสาท
มีสารต้านอนุมูลอิสระ ช่วยป้องกันความเสื่อมของเซลล์ และลดความเสี่ยงของโรคมะเร็ง
ประโยชน์รวมของสารสกัดจากถั่วขาว:
เสริมสร้างการลดน้ำหนักและควบคุมระดับน้ำตาลในเลือด
ช่วยลดการสะสมไขมันใหม่ และเผาผลาญไขมันเดิม
สนับสนุนการทำงานของระบบขับถ่ายและการย่อยอาหาร
มีส่วนช่วยในกระบวนการซ่อมแซมเซลล์ และฟื้นฟูอวัยวะต่าง ๆ
ลดความเสี่ยงต่อโรคเบาหวาน โรคอ้วน และโรคมะเร็ง",(กลางคืน) รับประทาน 1-2 แคปซูล (ก่อนนอน),ส่งเสริมการเจริญเติบโตของจุลินทรีย์ชนิดดีในลำไส้|ช่วยป้องกันอาการท้องผูกและลำไส้อักเสบ ปรับสมดุลระบบขับถ่าย|ช่วยลดการอักเสบในกระเพาะอาหารและลำไส้ และสมานแผลในกระเพาะอาหาร บรรเทาอาการกรดไหลย้อน|ช่วยบำรุงลำไส้ ควบคุมน้ำตาลในเลือด ลดไขมัน และเสริมสร้างภูมิคุ้มกัน|กระตุ้นการเผาผลาญไขมัน (Thermogenesis) เพิ่มอัตราการเผาผลาญในร่างกาย และช่วยลดไขมันในช่องท้อง|ช่วยควบคุมระดับน้ำตาลในเลือด ลดความอยากอาหารหวาน และกระตุ้นการเผาผลาญพลังงาน|กระตุ้นการหลั่งน้ำดี ช่วยย่อยไขมัน|ให้โปรตีนจากพืชสูง เหมาะสำหรับผู้ที่ไม่รับประทานเนื้อสัตว์,,"ช่วยบำรุงลำไส้ ควบคุมน้ำตาลในเลือด ลดไขมัน และเสริมสร้างภูมิคุ้มกัน ช่วยควบคุมระดับน้ำตาลในเลือด ลดความอยากอาหารหวาน และกระตุ้นการเผาผลาญพลังงาน สรรพคุณ:อุดมไปด้วยอินนูลิน (Inulin) ซึ่งเป็นใยอาหารชนิดละลายน้ำ ช่วยกระตุ้นการเจริญเติบโตของจุลินทรีย์ที่เป็นประโยชน์ในลำไส้ ส่งเสริมการทำงานของระบบขับถ่าย และช่วยป้องกันภาวะท้องผูกและลำไส้อักเสบ แก่นตะวัน หรือที่เรียกอีกชื่อหนึ่งว่า ""ทานตะวันหัว"" จัดอยู่ในวงศ์ทานตะวัน เป็นพืชล้มลุกที่มีหัวสะสมอาหารอยู่ใต้ดิน ลักษณะหัวคล้ายหัวขิงหรือหัวข่า ผิวขรุขระสีน้ำตาลอ่อน จากผลการศึกษาทางวิทยาศาสตร์ พบว่าแก่นตะวันมีคุณสมบัติในการลดระดับน้ำตาลและไขมันในเลือด เนื่องจากอินนูลินและฟรุกโตโอลิโกแซคคาไรด์ (Fructooligosaccharides) ซึ่งเป็นใยอาหารที่ร่างกายไม่สามารถย่อยและดูดซึมได้ในระบบทางเดินอาหาร ส่งผลให้ไม่เพิ่มระดับน้ำตาลในเลือด เหมาะสำหรับผู้ป่วยโรคเบาหวาน อีกทั้งยังมีบทบาทในการดูดซับไขมัน ลดการสะสมพลังงานส่วนเกิน และช่วยควบคุมน้ำหนักได้อย่างมีประสิทธิภาพ ช่วยควบคุมระดับน้ำตาลในเลือด กระตุ้นการย่อยอาหารและการดูดซึม สรรพคุณ:ประกอบด้วยกรดคลอโรเจนิก (Chlorogenic Acid) ซึ่งมีคุณสมบัติในการลดการดูดซึมไขมันและน้ำตาล ลดความอยากอาหาร และกระตุ้นกระบวนการเผาผลาญพลังงานในร่างกาย เมล็ดกาแฟดิบ หรือเมล็ดกาแฟสดที่ยังไม่ผ่านการคั่ว (Green Coffee Bean) เป็นแหล่งของสารอาหารและสารออกฤทธิ์ที่สำคัญ ได้แก่ คาร์โบไฮเดรต โปรตีน ไขมัน สารประกอบฟีนอล กรดไขมัน และสารต้านอนุมูลอิสระ โดยเฉพาะกรดคลอโรเจนิก ซึ่งพบในปริมาณสูงในเมล็ดกาแฟดิบ และลดลงอย่างมากเมื่อผ่านกระบวนการคั่ว การวิจัยทางคลินิกแสดงให้เห็นว่าสารสกัดจากเมล็ดกาแฟดิบสามารถยับยั้งการทำงานของเอนไซม์ไลเปสในตับอ่อน (Pan",,,,,,"สารสกัดจากแก่นตะวัน JERUSALEM ARTICHOKE POWDER HELIANTHUS TUBEROSUS L. หัวใต้ดิน|สารสกัดจากชะเอมเทศ LICORICE EXTRACT|GLYCYRRHIZA GLABRA L. ROOT WATER|สารสกัดจากเมล็ดกาแฟไม่คั่ว GREEN COFFEE BEAN EXTRACT COFFEA ARABICA L. BEAN WATER|สารสกัดจากอบเชย CINNAMON EXTRACT|CINNAMOMUM CASSIA BARK WATER|อินนูลิน INULIN 95%|สารสกัดจากขมิ้นชัน TURMERIC EXTRACT|CURCUMA LONGA L. RHIZOME 30% ETHANOL 70% WATER|สารสกัดจากอาร์ติโชค ARTICHOKE EXTRACT|CYNARA SCOLYMUS L. LEAF WATER|สารสกัดจากชาเขียว GREEN TEA EXTRACT|CAMELLIA SINENSIS LEAF WATER|สารสกัดจากพริก CAPSICUM EXTRACT|CAPSICUM FRUTESCENS L. FRUIT WATER|สารสกัดจากถั่วขาว WHITE KIDNEY BEAN EXTRACT|PHASEOLUS VULGARIS L. BEAN WATER|สารสกัดจากแก่นตะวันJERUSALEM ARTICHOKE POWDER(Helianthus tuberosus L. – ส่วนหัวใต้ดิน)|สรรพคุณ:อุดมไปด้วยอินนูลิน (Inulin) ซึ่งเป็นใยอาหารชนิดละลายน้ำ ช่วยกระตุ้นการเจริญเติบโตของจุลินทรีย์ที่เป็นประโยชน์ในลำไส้ ส่งเสริมการทำงานของระบบขับถ่าย และช่วยป้องกันภาวะท้องผูกและลำไส้อักเสบ|แก่นตะวัน หรือที่เรียกอีกชื่อหนึ่งว่า ""ทานตะวันหัว"" จัดอยู่ในวงศ์ทานตะวัน เป็นพืชล้มลุกที่มีหัวสะสมอาหารอยู่ใต้ดิน ลักษณะหัวคล้ายหัวขิงหรือหัวข่า ผิวขรุขระสีน้ำตาลอ่อน",,,
